{
    "tickers": [
        "AAPL",
        "AMZN",
        "BTC-USD",
        "GE",
        "GLD",
        "KO",
        "MCD",
        "META",
        "MSFT",
        "NVDA",
        "PLTR",
        "SCHD",
        "SLV",
        "VOO",
        "VTI",
        "XRP-USD"
    ],
    "weights": [
        0.056652977917286663,
        7.657177843178875e-18,
        0.10695000201520839,
        0.21107990148292324,
        0.2510203940840899,
        0.0022727593046740556,
        0.0,
        0.14703834717162254,
        0.0,
        0.13515236805986217,
        0.06555560571282873,
        3.140120542061142e-17,
        5.134555149544016e-16,
        5.0659346509385195e-17,
        3.1712913545201005e-17,
        0.02427764425150406
    ],
    "sharpe": 3.2167637233065047,
    "return": 0.6498938134646711,
    "volatility": 0.19270728806512513
}