{
    "tickers": [
        "AAPL",
        "BTC-USD",
        "GE",
        "GLD",
        "KO",
        "MCD",
        "MSFT",
        "NVDA",
        "SCHD",
        "SLV",
        "TSLA",
        "VOO",
        "VTI"
    ],
    "weights": [
        0.0,
        0.1289503712963929,
        0.023558560954209634,
        0.40596408899838377,
        0.0,
        9.9421169088176e-17,
        0.0,
        0.36934348153698604,
        0.0,
        0.0,
        0.07218349721402809,
        4.222179252001719e-17,
        9.970136968584604e-17
    ],
    "sharpe": 1.2366147126174076,
    "return": 0.38309922769474203,
    "volatility": 0.2855369777603368
}