{
    "tickers": [
        "AAPL",
        "AMZN",
        "BTC-USD",
        "GE",
        "GLD",
        "KO",
        "MCD",
        "META",
        "NVDA",
        "SCHD",
        "SLV",
        "VOO",
        "VTI"
    ],
    "weights": [
        5.3337056230367675e-17,
        0.06493395982823759,
        0.14320727709774977,
        0.0,
        0.2991333119605911,
        0.0,
        0.15481786103668355,
        1.7069219310936918e-17,
        0.3379075900767379,
        1.1351841020082453e-17,
        0.0,
        9.55871805430947e-17,
        0.0
    ],
    "sharpe": 1.290182188681238,
    "return": 0.3333702169126051,
    "volatility": 0.2351375019544298
}