{
    "tickers": [
        "AAPL",
        "GE",
        "GLD",
        "KO",
        "MCD",
        "MSFT",
        "NVDA",
        "PLTR",
        "SCHD",
        "SLV",
        "VOO",
        "VTI"
    ],
    "weights": [
        2.539409023820577e-16,
        0.3667314752380121,
        0.49681193945241764,
        2.763054855727797e-16,
        0.0,
        5.118295265614743e-16,
        0.11122988626501394,
        0.025226699044555587,
        0.0,
        0.0,
        7.742918078083023e-17,
        0.0
    ],
    "sharpe": 1.2593815871100904,
    "return": 0.2556291355517611,
    "volatility": 0.17915867427402482
}